{"version": 1, "global_mean": 173.9231, "buckets": {"supply_and_install|3_6_months|email|B16": {"n": 1.0, "mean": 156.04000000000002, "shrink_mean": 165.79507507560487}, "supply_and_install|3_6_months|email|B17": {"n": 1.0, "mean": 323.37, "shrink_mean": 241.8480195091226}, "supply_and_install|3_6_months|email|B25": {"n": 1.0, "mean": 17.180000000000007, "shrink_mean": 102.68199395423825}, "supply_and_install|3_6_months|email|B28": {"n": 1.0, "mean": 0.0, "shrink_mean": 94.87353411220255}, "supply_and_install|3_6_months|email|B5": {"n": 1.0, "mean": 493.98, "shrink_mean": 319.3917525504329}, "supply_and_install|3_6_months|phone|B22": {"n": 1.0, "mean": 0.0, "shrink_mean": 94.87353411220255}, "supply_and_install|3_6_months|phone|B26": {"n": 1.0, "mean": 181.42000000000002, "shrink_mean": 177.3305064371221}, "supply_and_install|3_6_months|referral|B11": {"n": 1.0, "mean": 226.83999999999992, "shrink_mean": 197.97429258527467}, "supply_and_install|3_6_months|referral|B23": {"n": 1.0, "mean": 672.5299999999999, "shrink_mean": 400.5442848435339}, "supply_and_install|3_6_months|referral|B27": {"n": 1.0, "mean": 0.0, "shrink_mean": 94.87353411220255}, "supply_and_install|3_6_months|showroom|B14": {"n": 1.0, "mean": 0.0, "shrink_mean": 94.87353411220255}, "supply_and_install|3_6_months|showroom|B4": {"n": 1.0, "mean": 301.62999999999994, "shrink_mean": 231.9669998952776}, "supply_and_install|3_6_months|social|B1": {"n": 1.0, "mean": 487.44, "shrink_mean": 316.4192655092854}, "supply_and_install|3_6_months|social|B2": {"n": 1.0, "mean": 0.0, "shrink_mean": 94.87353411220255}, "supply_and_install|3_6_months|social|B25": {"n": 1.0, "mean": 408.04999999999995, "shrink_mean": 280.33581807859775}, "supply_and_install|3_6_months|social|B30": {"n": 1.0, "mean": 288.03999999999996, "shrink_mean": 225.7902263648198}, "supply_and_install|3_6_months|website|B26": {"n": 1.0, "mean": 0.0, "shrink_mean": 94.87353411220255}, "supply_and_install|3_6_months|whatsapp|B10": {"n": 1.0, "mean": 173.1199999999999, "shrink_mean": 173.55808404545172}, "supply_and_install|3_6_months|whatsapp|B16": {"n": 1.0, "mean": 0.0, "shrink_mean": 94.87353411220255}, "supply_and_install|3_6_months|whatsapp|B18": {"n": 1.0, "mean": 0.0, "shrink_mean": 94.87353411220255}, "supply_and_install|3_6_months|whatsapp|B24": {"n": 1.0, "mean": 381.97, "shrink_mean": 268.48223061175895}, "supply_and_install|3_6_months|whatsapp|B5": {"n": 2.0, "mean": 288.55000000000007, "shrink_mean": 217.3841732365978}, "supply_and_install|6_12_months|phone|B15": {"n": 1.0, "mean": 0.0, "shrink_mean": 94.87353411220255}, "supply_and_install|6_12_months|phone|B23": {"n": 1.0, "mean": 0.0, "shrink_mean": 94.87353411220255}, "supply_and_install|6_12_months|referral|B5": {"n": 1.0, "mean": 227.31999999999994, "shrink_mean": 198.19245677178088}, "supply_and_install|6_12_months|showroom|B13": {"n": 1.0, "mean": 160.48000000000002, "shrink_mean": 167.81309380078756}, "supply_and_install|6_12_months|showroom|B21": {"n": 1.0, "mean": 0.0, "shrink_mean": 94.87353411220255}, "supply_and_install|6_12_months|showroom|B29": {"n": 1.0, "mean": 348.93000000000006, "shrink_mean": 253.4652624405797}, "supply_and_install|6_12_months|social|B29": {"n": 1.0, "mean": 255.36000000000013, "shrink_mean": 210.9368813335203}, "supply_and_install|6_12_months|website|B27": {"n": 1.0, "mean": 0.0, "shrink_mean": 94.87353411220255}, "supply_and_install|6_12_months|website|B28": {"n": 1.0, "mean": 0.0, "shrink_mean": 94.87353411220255}, "supply_and_install|6_12_months|website|B6": {"n": 1.0, "mean": 0.0, "shrink_mean": 94.87353411220255}, "supply_and_install|6_12_months|website|B7": {"n": 1.0, "mean": 0.0, "shrink_mean": 94.87353411220255}, "supply_and_install|6_12_months|website|B8": {"n": 1.0, "mean": 364.4699999999999, "shrink_mean": 260.52832797871906}, "supply_and_install|6_12_months|whatsapp|B13": {"n": 1.0, "mean": 600.51, "shrink_mean": 367.81056669316075}, "supply_and_install|asap|email|B22": {"n": 1.0, "mean": 0.0, "shrink_mean": 94.87353411220255}, "supply_and_install|asap|email|B23": {"n": 2.0, "mean": 65.61999999999998, "shrink_mean": 70.42376206021234}, "supply_and_install|asap|email|B3": {"n": 1.0, "mean": 0.0, "shrink_mean": 94.87353411220255}, "supply_and_install|asap|email|B4": {"n": 1.0, "mean": 0.0, "shrink_mean": 94.87353411220255}, "supply_and_install|asap|phone|B1": {"n": 1.0, "mean": 616.63, "shrink_mean": 375.1372472899952}, "supply_and_install|asap|phone|B23": {"n": 1.0, "mean": 0.0, "shrink_mean": 94.87353411220255}, "supply_and_install|asap|phone|B9": {"n": 1.0, "mean": 104.35000000000008, "shrink_mean": 142.30151924121458}, "supply_and_install|asap|referral|B21": {"n": 1.0, "mean": 113.92999999999995, "shrink_mean": 146.65571279690147}, "supply_and_install|asap|referral|B30": {"n": 1.0, "mean": 105.14000000000004, "shrink_mean": 142.66058113150606}, "supply_and_install|asap|showroom|B9": {"n": 1.0, "mean": 0.0, "shrink_mean": 94.87353411220255}, "supply_and_install|asap|social|B19": {"n": 1.0, "mean": 1004.82, "shrink_mean": 551.5729880396949}, "supply_and_install|asap|whatsapp|B1": {"n": 1.0, "mean": 801.73, "shrink_mean": 459.26681171146254}, "supply_and_install|asap|whatsapp|B11": {"n": 1.0, "mean": 0.0, "shrink_mean": 94.87353411220255}, "supply_and_install|asap|whatsapp|B27": {"n": 1.0, "mean": 245.07000000000016, "shrink_mean": 206.25998658529286}, "supply_and_install|asap|whatsapp|B28": {"n": 1.0, "mean": 175.52999999999997, "shrink_mean": 174.6534500652018}, "supply_only|3_6_months|email|B11": {"n": 1.0, "mean": 402.65000000000003, "shrink_mean": 277.8814709804026}, "supply_only|3_6_months|email|B2": {"n": 2.0, "mean": 160.95000000000002, "shrink_mean": 161.05562312796914}, "supply_only|3_6_months|email|B7": {"n": 1.0, "mean": 889.2099999999996, "shrink_mean": 499.0272347022239}, "supply_only|3_6_months|referral|B12": {"n": 1.0, "mean": 0.0, "shrink_mean": 94.87353411220255}, "supply_only|3_6_months|referral|B26": {"n": 1.0, "mean": 414.07, "shrink_mean": 283.07196058436347}, "supply_only|3_6_months|showroom|B11": {"n": 1.0, "mean": 0.0, "shrink_mean": 94.87353411220255}, "supply_only|3_6_months|showroom|B3": {"n": 1.0, "mean": 358.78, "shrink_mean": 257.9421733511764}, "supply_only|3_6_months|social|B24": {"n": 2.0, "mean": 85.51500000000001, "shrink_mean": 96.63100143763786}, "supply_only|3_6_months|website|B17": {"n": 1.0, "mean": 0.0, "shrink_mean": 94.87353411220255}, "supply_only|3_6_months|website|B23": {"n": 1.0, "mean": 0.0, "shrink_mean": 94.87353411220255}, "supply_only|3_6_months|whatsapp|B1": {"n": 1.0, "mean": 0.0, "shrink_mean": 94.87353411220255}, "supply_only|6_12_months|email|B1": {"n": 1.0, "mean": 472.77, "shrink_mean": 309.7516225591886}, "supply_only|6_12_months|email|B19": {"n": 1.0, "mean": 0.0, "shrink_mean": 94.87353411220255}, "supply_only|6_12_months|email|B26": {"n": 1.0, "mean": 150.81999999999994, "shrink_mean": 163.42253954734952}, "supply_only|6_12_months|email|B8": {"n": 1.0, "mean": 0.0, "shrink_mean": 94.87353411220255}, "supply_only|6_12_months|phone|B15": {"n": 1.0, "mean": 0.0, "shrink_mean": 94.87353411220255}, "supply_only|6_12_months|referral|B10": {"n": 1.0, "mean": 0.0, "shrink_mean": 94.87353411220255}, "supply_only|6_12_months|referral|B3": {"n": 1.0, "mean": 190.1400000000001, "shrink_mean": 181.29382249198542}, "supply_only|6_12_months|referral|B30": {"n": 1.0, "mean": 229.40999999999997, "shrink_mean": 199.14238000052683}, "supply_only|6_12_months|showroom|B14": {"n": 1.0, "mean": 191.28999999999996, "shrink_mean": 181.81650752215654}, "supply_only|6_12_months|showroom|B28": {"n": 1.0, "mean": 119.74999999999989, "shrink_mean": 149.30095355828956}, "supply_only|6_12_months|social|B12": {"n": 1.0, "mean": 407.6600000000001, "shrink_mean": 280.1585596770615}, "supply_only|6_12_months|social|B18": {"n": 1.0, "mean": 0.0, "shrink_mean": 94.87353411220255}, "supply_only|6_12_months|social|B20": {"n": 1.0, "mean": 0.0, "shrink_mean": 94.87353411220255},