{
  "n_samples": 100,
  "cv": 5,
  "cv_mae": 187.8820175751287,
  "cv_mae_std": 42.91007753913359,
  "oof_mae": 187.8820175751287,
  "oof_rmse": 258.8959376984215,
  "oof_r2": -0.10942662232466649,
  "oof_mape_pct": 7968922271.505565,
  "oof_huber_delta50": 8234.993650116448,
  "oof_pinball_tau0_5": 93.94100878756436,
  "oof_f1_T": 250.0,
  "oof_f1": 0.2564102564102564,
  "oof_precision": 0.38461538461538464,
  "oof_recall": 0.19230769230769232,
  "baseline_mae_global_mean": 182.68896800000005,
  "baseline_mae_bucket_mean": 21.6871,
  "insample_mae": 178.98170143039542,
  "insample_rmse": 238.82035609262147,
  "insample_r2": 0.055959134756589646,
  "insample_mape_pct": 7880846497.610118,
  "insample_huber_delta50": 7777.847112903723,
  "insample_pinball_tau0_5": 89.49085071519771
}