{"version": 1, "k": 5, "buckets": {"supply_and_install|3_6_months|email|B16": [[4.1484, 2.548, 156.04000000000002]], "supply_and_install|3_6_months|email|B17": [[8.6748, 3.512857142857143, 323.37]], "supply_and_install|3_6_months|email|B25": [[4.852799999999999, 1.2077142857142857, 17.180000000000007]], "supply_and_install|3_6_months|email|B28": [[10.863199999999999, 2.7888571428571427, 0.0]], "supply_and_install|3_6_months|email|B5": [[13.8112, 3.2471428571428573, 493.98]], "supply_and_install|3_6_months|phone|B22": [[4.8636, 2.5922857142857145, 0.0]], "supply_and_install|3_6_months|phone|B26": [[5.0056, 1.3399999999999999, 181.42000000000002]], "supply_and_install|3_6_months|referral|B11": [[16.153599999999997, 3.2697142857142856, 226.83999999999992]], "supply_and_install|3_6_months|referral|B23": [[12.8872, 2.8594285714285714, 672.5299999999999]], "supply_and_install|3_6_months|referral|B27": [[9.8568, 1.7745714285714285, 0.0]], "supply_and_install|3_6_months|showroom|B14": [[3.7716000000000003, 2.0528571428571425, 0.0]], "supply_and_install|3_6_months|showroom|B4": [[5.0716, 1.2302857142857144, 301.62999999999994]], "supply_and_install|3_6_months|social|B1": [[4.138, 2.2857142857142856, 487.44]], "supply_and_install|3_6_months|social|B2": [[5.7232, 1.0, 0.0]], "supply_and_install|3_6_months|social|B25": [[11.431199999999999, 4.902285714285715, 408.04999999999995]], "supply_and_install|3_6_months|social|B30": [[3.968, 2.1902857142857144, 288.03999999999996]], "supply_and_install|3_6_months|website|B26": [[5.1776, 2.0388571428571427, 0.0]], "supply_and_install|3_6_months|whatsapp|B10": [[8.8612, 3.603142857142857, 173.1199999999999]], "supply_and_install|3_6_months|whatsapp|B16": [[9.6676, 1.268, 0.0]], "supply_and_install|3_6_months|whatsapp|B18": [[5.2188, 1.14, 0.0]], "supply_and_install|3_6_months|whatsapp|B24": [[12.849200000000002, 3.7862857142857145, 381.97]], "supply_and_install|3_6_months|whatsapp|B5": [[8.058, 1.2442857142857142, 0.0], [9.3552, 4.360857142857142, 577.1000000000001]], "supply_and_install|6_12_months|phone|B15": [[5.5164, 3.188285714285714, 0.0]], "supply_and_install|6_12_months|phone|B23": [[4.0224, 1.0, 0.0]], "supply_and_install|6_12_months|referral|B5": [[13.08, 2.797142857142857, 227.31999999999994]], "supply_and_install|6_12_months|showroom|B13": [[4.5468, 2.1785714285714284, 160.48000000000002]], "supply_and_install|6_12_months|showroom|B21": [[10.418399999999998, 2.0891428571428574, 0.0]], "supply_and_install|6_12_months|showroom|B29": [[14.927200000000001, 3.6837142857142857, 348.93000000000006]], "supply_and_install|6_12_months|social|B29": [[12.9472, 3.0228571428571427, 255.36000000000013]], "supply_and_install|6_12_months|website|B27": [[3.8960000000000004, 1.3417142857142856, 0.0]], "supply_and_install|6_12_months|website|B28": [[9.1852, 2.1214285714285714, 0.0]], "supply_and_install|6_12_months|website|B6": [[11.7996, 3.589714285714286, 0.0]], "supply_and_install|6_12_months|website|B7": [[14.5576, 1.7974285714285714, 0.0]], "supply_and_install|6_12_months|website|B8": [[5.6036, 1.074, 364.4699999999999]], "supply_and_install|6_12_months|whatsapp|B13": [[14.0572, 5.150285714285714, 600.51]], "supply_and_install|asap|email|B22": [[3.9844, 1.7562857142857142, 0.0]], "supply_and_install|asap|email|B23": [[14.836400000000001, 3.2391428571428573, 17.039999999999964], [5.006, 2.4665714285714286, 114.19999999999999]], "supply_and_install|asap|email|B3": [[13.5352, 4.143142857142857, 0.0]], "supply_and_install|asap|email|B4": [[3.9032, 1.9977142857142858, 0.0]], "supply_and_install|asap|phone|B1": [[8.7108, 2.5862857142857143, 616.63]], "supply_and_install|asap|phone|B23": [[5.4072000000000005, 1.1997142857142857, 0.0]], "supply_and_install|asap|phone|B9": [[5.3591999999999995, 1.262857142857143, 104.35000000000008]], "supply_and_install|asap|referral|B21": [[5.1372, 2.624285714285714, 113.92999999999995]], "supply_and_install|asap|referral|B30": [[3.9512, 1.0, 105.14000000000004]], "supply_and_install|asap|showroom|B9": [[5.6068, 1.85, 0.0]], "supply_and_install|asap|social|B19": [[10.2788, 2.620857142857143, 1004.82]], "supply_and_install|asap|whatsapp|B1": [[8.2592, 2.6657142857142855, 801.73]], "supply_and_install|asap|whatsapp|B11": [[14.0272, 1.891142857142857, 0.0]], "supply_and_install|asap|whatsapp|B27": [[13.2028, 3.051428571428571, 245.07000000000016]], "supply_and_install|asap|whatsapp|B28": [[9.8832, 3.925428571428571, 175.52999999999997]], "supply_only|3_6_months|email|B11": [[3.7239999999999998, 2.994285714285714, 402.65000000000003]], "supply_only|3_6_months|email|B2": [[12.7424, 4.758857142857143, 140.51999999999998], [4.2084, 2.8365714285714287, 181.38000000000005]], "supply_only|3_6_months|email|B7": [[14.9624, 3.511142857142857, 889.2099999999996]], "supply_only|3_6_months|referral|B12": [[13.6456, 3.8477142857142854, 0.0]], "supply_only|3_6_months|referral|B26": [[5.294, 1.048857142857143, 414.07]], "supply_only|3_6_months|showroom|B11": [[5.0144, 2.2865714285714285, 0.0]], "supply_only|3_6_months|showroom|B3": [[7.412000000000001, 4.168285714285714, 358.78]], "supply_only|3_6_months|social|B24": [[4.2068, 1.0, 171.03000000000003], [10.1588, 1.2857142857142858, 0.0]], "supply_only|3_6_months|website|B17": [[4.2964, 1.0, 0.0]], "supply_only|3_6_months|website|B23": [[15.000399999999999, 1.8802857142857143, 0.0]], "supply_only|3_6_months|whatsapp|B1": [[8.9284, 3.1054285714285714, 0.0]], "supply_only|6_12_months|email|B1": [[13.3992, 3.849714285714286, 472.77]], "supply_only|6_12_months|email|B19": [[15.3072, 1.8171428571428572, 0.0]], "supply_only|6_12_months|email|B26": [[12.578, 3.166, 150.81999999999994]], "supply_only|6_12_months|email|B8": [[8.7576, 3.192857142857143, 0.0]], "supply_only|6_12_months|phone|B15": [[13.7024, 3.307142857142857, 0.0]], "supply_only|6_12_months|referral|B10": [[13.107999999999999, 2.1582857142857144, 0.0]], "supply_only|6_12_months|referral|B3": [[10.5008, 4.3668571428571425, 190.1400000000001]], "supply_only|6_12_months|referral|B30": [[8.7032, 2.662, 229.40999999999997]], "supply_only|6_12_months|showroom|B14": [[4.4032, 1.056857142857143, 191.28999999999996]], "supply_only|6_12_months|showroom|B28": [[5.4128, 2.6777142857142855, 119.74999999999989]], "supply_only|6_12_months|social|B12": [[7.75, 2.4434285714285715, 407.6600000000001]], "supply_only|6_12_months|social|B18": [[5.1752, 1.0, 0.0]], "supply_only|6_12_months|social|B20": [[14.5424, 2.0774285714285714, 0.0]], "supply_only|6_12_months|social|B24": [[16.662, 2.9348571428571426, 0.0]], "supply_only|6_12_months|website|B10": [[4.3836, 2.121142857142857, 0.0]], "supply_only|6_12_months|website|B27": [[9.525599999999999, 3.226571428571429, 0.0]], "supply_only|6_12_months|website|B30": [[12.8804, 3.734857142857143, 0.0]], "supply_only|asap|email|B12": [[15.632, 5.0528571428571425, 124.44000000000005]], "supply_only|asap|email|B9": [[13.544400000000001, 2.7525714285714287, 378.94999999999993]], "supply_only|asap|phone|B19": [[8.5664, 2.2462857142857144, 286.73]], "supply_only|asap|referral|B13": [[9.3476, 2.843714285714286, 0.0]], "supply_only|asap|referral|B18": [[4.32, 1.4094285714285715, 0.0]], "supply_only|asap|showroom|B1": [[13.7328, 4.164285714285715, 550.27]], "supply_only|asap|showroom|B21": [[9.450800000000001, 2.8845714285714283, 75.12999999999988]], "supply_only|asap|showroom|B4": [[4.222799999999999, 1.0, 177.07]], "supply_only|asap|social|B15": [[10.6496, 2.0985714285714288, 0.0]], "supply_only|asap|social|B21": [[4.6956, 2.6797142857142857, 26.129999999999995]], "supply_only|asap|website|B13": [[9.066, 3.502, 99.57000000000005]], "supply_only|asap|website|B18": [[5.4644, 2.6345714285714283, 0.0]], "supply_only|asap|website|B29": [[15.6532, 3.8602857142857148, 0.0], [14.3892, 3.968, 1282.56]], "supply_only|asap|website|B4": [[4.711600000000001, 2.9542857142857146, 127.75999999999999]], "supply_only|asap|whatsapp|B21": [[14.486400000000001, 3.3502857142857145, 0.0]],